"DESCRIPTION","DURATION IN MS","NAME","PARENT SUITE","START TIME","STATUS","STOP TIME","SUB SUITE","SUITE","TEST CLASS","TEST METHOD"
"","79","test_status_codes[/posts/0-404]","tests","2026-09-29","passed","2026-09-29","","test_param","",""
"","71","test_status_codes[/posts/1-200]","tests","2026-09-29","passed","2026-09-29","","test_param","",""
"","938","Успешный вход стандартного пользователя","tests","2026-09-29","passed","2026-09-29","","test_ui_login","",""
"","0","test_users_count","tests","2026-09-29","passed","2026-09-29","","test_fixtures","",""
"","256","Провальный вход стандартного пользователя","tests","2026-09-29","passed","2026-09-29","","test_ui_login","",""
"","141","test_delete_user","tests","2026-09-29","passed","2026-09-29","","test_api","",""
"","61","test_status_codes[/users/9999-404]","tests","2026-09-29","passed","2026-09-29","","test_param","",""
"","212","test_get_len_users","tests","2026-09-29","passed","2026-09-29","","test_api","",""
"","98","test_get_post[2]","tests","2026-09-29","passed","2026-09-29","","test_param","",""
"","0","test_first_user_has_email","tests","2026-09-29","passed","2026-09-29","","test_fixtures","",""
"","55","test_status_codes[/posts/9999-404]","tests","2026-09-29","passed","2026-09-29","","test_param","",""
"","0","test_users_count","tests","2026-09-29","passed","2026-09-29","","test_conftest_demo","",""
"","63","test_get_post[1]","tests","2026-09-29","passed","2026-09-29","","test_param","",""
"","86","test_get_negative","tests","2026-09-29","passed","2026-09-29","","test_api","",""
"","55","test_get_post[3]","tests","2026-09-29","passed","2026-09-29","","test_param","",""
"","0","test_set_token_adds_header","tests","2026-09-29","passed","2026-09-29","","test_api_client","",""
"","64","test_status_codes[/users-200]","tests","2026-09-29","passed","2026-09-29","","test_param","",""
